Genus,Species,Status,Invasive,Code,Group,Growth.F,Life.Hist,Raunkiaer,Leaf.Size,Height,Growth.Season,Growth.Length,Evergreen,Nfix,Palat,Hermaphrodite,Clonal,Defence,Wind,Insect,Animal,Self,Wind,Water,Animal,Explosive,None,G.Rate,Precip.Env,Drought,Shade,Root.D,Seed.W
Abies,grandis,N,0,ABGR,1,DeT,WP,Phan,0.8,8000,1,2,1,0,Low,1,0,0,1,0,0,0,1,0,1,0,0,Slow,132,Med,High,58,23200
Acer,macrophyllum,N,0,ACMA,2,ExT,WP,Phan,300,3000,1,2,0,0,High,1,0,0,1,1,0,0,1,0,0,0,0,Rapid,280,Low,Med,15,3120
Achillea,millefolium,NIS,0,ACMI,3,ESH,PolyHerb,Hemi,50,100,1,1,0,0,Med,0,1,1,0,1,1,0,1,0,0,0,0,Mod,298,Med,Med,13,2852012
Achnatherum,lemmonii,N,0,ACLE,4,Rose,PolyHerb,Hemi,5,90,1,3,0,0,Med,1,1,0,1,0,0,1,0,0,1,0,0,Slow,271,High,Low,32,239000
Agoseris,grandiflora,N,0,AGGR,5,Rose,PolyHerb,,75,70,1,1,0,0,Low,1,0,0,0,1,0,0,1,0,0,0,0,Mod,226,Med,Low,20,273665
Agrostis,capillaris,NIS,0,AGCA,14,ELR,PolyHerb,Hemi,5,75,2,1,0,0,High,1,1,0,1,0,0,0,1,1,1,0,0,Rapid,216,Low,Med,43,6047893
Agrostis,scabra,N,0,AGSC,6,ESH,PolyHerb,Hemi,42,75,1,2,0,0,Med,1,0,0,1,0,0,0,1,0,0,0,0,Rapid,292,Low,High,38,5890805
Agrostis,stolonifera,NIS,0,AGST,7,ESH,MonoHerb,GeoHemi,8,100,1,2,0,0,Med,1,1,0,1,0,0,1,0,0,1,0,0,Rapid,264,Low,Low,28,6129840
Aira,caryophyllea,NIS,0,AICA,8,ESH,Ann,Thero,10.5,30,1,2,0,0,Low,1,0,0,1,0,0,1,1,0,1,0,0,,213,Med,Low,10,3344177
Aira,praecox,NIS,0,AIPR,8,ESH,Ann,Thero,0.6,12,1,2,0,0,Low,1,0,0,1,0,0,0,1,0,1,0,0,,79,High,Low,,2939041
Alliaria,petiolata,NIS,1,ALPE,3,ESH,Bien,Hemi,60,120,1,1,0,0,Low,1,0,1,0,1,0,1,0,0,1,1,0,Rapid,,Med,High,,188626
Allium,acuminatum,N,0,ALAC,9,Rose,PolyHerb,Geo,9,30,1,2,0,0,High,1,1,1,0,1,0,0,0,0,0,0,1,Rapid,201,Med,Low,15,253691
Allium,amplectans,N,0,ALAM,9,Rose,PolyHerb,Geo,7.2,40,1,1,0,0,High,1,1,1,0,1,0,0,0,0,0,0,1,,188,Med,Low,15,121600
Allium,cernuum,N,0,ALCE,9,Rose,PolyHerb,Geo,15,50,1,1,0,0,High,1,1,1,0,1,0,0,0,0,0,0,1,,,High,Low,,134000
Allium,vineale,NIS,0,ALVI,9,Rose,PolyHerb,Geo,12,100,1,1,0,0,High,1,1,1,0,1,0,1,0,1,0,0,0,,68,High,Low,,227000
Amelanchier,alnifolia,N,0,AMAL,10,Shrub,WP,GeoPhan,20,600,1,2,0,0,Med,1,0,0,0,1,0,1,0,0,1,0,0,Mod,361,Low,Med,37,60051
Angelica,genuflexa,N,0,ANGE,3,ESH,MonoHerb,Hemi,40,300,2,1,0,0,Med,1,0,1,0,1,0,0,0,0,0,0,1,,,Low,Med,,
Anisocarpus,madioides,N,0,ANMA,6,ESH,PolyHerb,,1.1,70,1,2,0,0,,1,0,0,1,0,0,1,0,0,0,0,1,,269,High,High,38,
Anthoxanthum,odoratum,NIS,0,ANOD,3,ESH,PolyHerb,Hemi,21.7,60,1,2,0,0,Med,1,0,1,1,0,0,0,1,1,1,0,0,Rapid,275,High,Med,35,580438
Anthriscus,caucalis,NIS,1,ANCA,11,ESH,Ann,Thero,35,90,4,2,0,0,Low,1,0,0,0,0,0,1,0,0,1,0,0,Rapid,120,Med,High,16,406371
Aphanes,arvensis,NIS,0,APAR,11,ESH,Ann,Thero,1.6,20,4,2,0,0,,1,0,0,0,1,0,1,1,0,1,0,0,,,High,Med,,2216609
Arabis,glabra,NIS,0,ARGL,12,ESH,Bien,Hemi,56,120,1,1,0,0,,1,0,0,0,1,1,1,0,1,0,0,0,,274,High,Med,31,5562361
Arabis,nutalli,N,0,ARNUT,6,ESH,PolyHerb,Hemi,15,30,,,0,0,Low,1,0,0,0,1,0,0,0,0,0,0,1,Rapid,,,Med,,
Arbutus,menziesii,N,0,ARME,1,ExT,WP,Phan,120,3000,1,2,1,0,Med,1,0,0,0,1,1,0,0,0,1,0,0,Slow,376,High,Med,61,569890
Arctostaphylos,columbiana,N,0,ARCO,10,Shrub,WP,Phan,12.5,300,1,2,1,0,Med,1,1,0,0,1,0,1,0,0,1,0,0,Mod,269,Low,Med,18,18000
Arctostaphylos,uva-ursi,N,0,ARUV,31,Shrub,WP,Cham,3.6,15,1,2,1,0,Low,1,1,1,0,1,0,0,0,1,1,0,0,Mod,200,High,Med,25,42400
Arenaria,serpyllifolia,NIS,0,ARSE,8,ESH,Ann,Thero,0.32,30,1,1,0,0,,1,0,0,0,1,0,1,0,1,0,0,0,Mod,122,High,Low,,6796584
Arrhenatherum,elatius,NIS,0,AREL,14,Rose,PolyHerb,Hemi,20,150,1,1,0,0,High,1,1,0,1,0,0,1,0,0,1,0,0,Mod,257,Med,Med,58,189120
Asplenium,viride,NIS,0,ASVI,13,ELR,PolyHerb,Hemi,18,10,2,2,1,0,Low,1,1,0,0,0,0,1,1,0,0,0,0,Slow,,Med,High,,45359229
Aster,curtus,N,0,ASCU,15,ESH,PolyHerb,Hemi,3.15,30,1,1,,0,Med,1,1,0,0,1,0,0,1,0,0,0,0,Slow,,Med,Low,,
Avena,fatua,NIS,1,AVFA,16,ESH,Ann,Thero,4.5,80,3,3,0,0,High,1,0,0,0,0,0,1,1,0,1,0,0,Rapid,211,Med,Low,12,20001
Barbarea,orthoceras,N,0,BAOR,12,ESH,MonoHerb,Hemi,12.5,60,4,2,0,0,,1,0,0,0,1,0,1,0,0,1,0,1,,363,Low,Med,21,755989
Bellis,perennis,NIS,0,BEPE,5,Rose,PolyHerb,Hemi,7.5,20,4,2,0,0,Med,1,1,0,0,1,0,1,1,1,1,0,0,Mod,219,Low,Med,24,3156765
Br,tr,N,0,BR_TR,6,Rose,PolyHerb,Geo,4,60,1,2,0,0,Med,1,1,0,0,1,0,0,0,0,0,0,1,Mod,155,Low,Low,18,667051
Brassica,juncea,NIS,0,BRJU,17,ESH,Ann,Thero,312.5,100,3,3,0,0,Med,1,0,0,1,1,0,1,0,0,0,1,0,Rapid,46,Low,Low,,283040
Brassica,kaber,NIS,0,BRKA,18,ESH,Ann,Thero,75,100,1,1,0,0,Med,0,0,1,0,1,0,0,0,0,0,1,0,,96,,Low,30,226796
Brodiaea,coronaria,N,0,BRCO,6,Rose,PolyHerb,Geo,4,60,1,2,0,0,,1,1,0,0,1,0,0,0,0,0,0,1,,132,Med,Low,24,282436
Bromus,carinatus,N,0,BRCA,12,ESH,Bien,Hemi,24,100,4,2,0,0,High,1,0,0,0,0,0,1,0,0,1,0,0,Rapid,300,Med,Med,20,106680
Bromus,hordeaceus,NIS,0,BRHO,16,ESH,Ann,Thero,10,70,3,3,0,0,High,1,0,0,1,0,0,1,1,0,1,1,0,Rapid,247,High,Med,25,251840
Bromus,rigidus,NIS,0,BRRI,17,ESH,Ann,Thero,10.8,80,1,1,0,0,Med,1,0,0,1,0,0,1,1,0,1,0,0,,228,High,High,13,41236
Bromus,sitchensis,N,0,BRSI,8,ESH,MonoHerb,Thero,30,150,1,2,0,0,Low,1,1,0,1,0,0,1,0,0,1,0,0,Mod,68,Med,High,25,71000
Bromus,sterilis,NIS,0,BRST,8,ESH,Ann,Thero,6,100,1,2,0,0,,1,0,0,1,0,0,1,0,1,1,0,0,Rapid,249,High,,25,72498
Calandrinia,ciliata,N,0,CACI,18,ESH,Ann,Thero,0.7,35,4,2,0,0,Low,1,0,1,0,1,0,0,0,0,0,0,1,,191,Med,Low,17,889394
Callitriche,heterophylla,N,0,CAHE,6,ESH,PolyHerb,Hydro,0.25,40,1,2,0,0,,1,0,0,1,0,0,0,0,1,0,0,0,,188,Low,High,53,11630564
Calypso,bulbosa,N,0,CABU,19,Rose,PolyHerb,Geo,19.5,20,1,2,0,0,Low,1,1,0,0,1,0,0,1,0,0,0,0,Slow,254,Med,High,41,453592909
Camassia,leichtlinii,N,0,CALE,19,Rose,PolyHerb,Geo,120,100,1,2,0,0,High,1,1,0,0,1,0,0,0,0,1,0,0,Slow,234,Med,High,53,56347
Camassia,quamash,N,0,CAQU,19,Rose,PolyHerb,Geo,150,90,1,1,0,0,High,1,0,0,0,1,0,0,1,0,1,0,0,Slow,173,High,High,43,117014
Camassia,Spp,N,0,CASPP,19,Rose,PolyHerb,Geo,135,95,1,,0,0,High,1,0,0,0,1,0,0,0,0,1,0,0,Slow,204,,High,48,86681
Capsella,bursa-pastoris,NIS,0,CABUR,18,Rose,Ann,Thero,1.2,50,1,4,0,0,Low,1,0,1,0,1,0,1,0,0,1,0,0,,223,Low,Low,18,3217341
Cardamine,hirsuta,NIS,0,CAHI,11,Rose,Ann,Thero,3.3,30,4,2,0,0,,1,0,0,0,1,0,1,0,0,1,1,0,,102,High,Low,20,3958374
Cardamine,nuttallii,N,0,CANU,6,ESH,PolyHerb,GeoHemi,2,30,4,2,0,0,Low,1,0,0,0,1,0,0,0,0,0,0,1,,226,Low,High,41,
Cardamine,oligosperma,N,0,CAOL,19,Rose,Bien,Geo,0.02,50,1,1,0,0,Low,1,0,0,0,1,0,0,0,0,1,1,0,Slow,224,Low,High,15,275000
Carex,hoodii,N,0,CAHO,6,ESH,PolyHerb,Hemi,,80,,,0,0,Low,1,0,0,1,0,0,0,0,0,1,0,0,Rapid,282,Low,Med,58,416139
Carex,inops,N,0,CAIN,20,ESH,PolyHerb,GeoHemi,6,50,1,1,0,0,High,1,1,0,1,0,0,0,0,0,1,0,0,,127,Low,Low,,182900
Castilleja,attenuata,N,0,CAAT,17,ESH,Ann,Thero,3,35,1,2,0,0,Med,1,0,0,0,1,0,0,0,0,0,0,1,Rapid,216,Med,Med,13,4014088
Ceanothus,sanguineus,N,0,CESA,2,Shrub,WP,Phan,50,300,2,,0,1,High,1,0,0,0,1,0,0,0,0,1,0,0,Slow,,Med,Med,,130343
Centaurea,cyanus,NIS,1,CECY,16,ESH,Ann,Theo,13,120,1,2,0,0,High,1,0,0,0,1,0,0,0,0,1,0,0,Rapid,155,High,Low,71,65941
Cerastium,arvense,N,0,CEAR,6,ESH,PolyHerb,Hemi,21,50,1,2,0,0,Low,1,1,0,0,1,0,0,1,1,1,0,0,Rapid,270,Low,Low,36,2585061
Cerastium,fontanum,NIS,0,CEFO,12,ESH,Bien,Hemi,0.025,40,2,1,0,0,Low,1,1,0,0,1,0,1,0,1,1,0,0,Rapid,173,Med,Med,39,3173822
Cerastium,glomeratum,NIS,0,CEGL,11,ESH,Ann,Thero,0.0375,50,4,2,0,0,High,1,0,0,0,1,0,1,1,1,1,0,0,Mod,213,High,Low,12,9324152
Cichorium,intybus,NIS,1,CIIN,15,ESH,PolyHerb,Hemi,175,200,1,2,0,0,Low,1,0,0,0,1,0,0,0,1,1,0,0,Slow,173,Med,Low,39,426400
Cirsium,arvense,NIS,1,CIAR,21,ESH,PolyHerb,GeoHemi,140,200,2,2,0,0,Low,0,1,1,1,1,0,0,1,0,1,0,0,Slow,274,High,Low,32,"298,000"
Cirsium,brevistylum,N,0,CIBR,3,ESH,MonoHerb,Hemi,450,300,1,2,0,0,Low,1,1,1,1,1,0,1,1,0,1,0,0,Rapid,132,High,Med,13,263104
Cirsium,vulgare,NIS,1,CIVU,21,ESH,Bien,Hemi,600,200,2,1,0,0,Med,1,0,1,1,1,1,1,1,1,1,0,0,Slow,254,High,Low,13,190754
Clarkia,amoena,N,0,CLAM,8,ESH,Ann,Thero,4.2,100,2,1,0,0,Low,1,0,0,0,1,0,0,0,0,1,0,0,Rapid,153,High,Med,29,"1,100,000"
Claytonia,exigua,N,0,CLEX,22,Rose,Ann,Thero,18,15,1,1,0,0,Low,1,0,0,0,1,0,1,0,0,0,0,1,Rapid,241,High,High,20,994719
Claytonia,perfoliata,N,0,CLPE,11,ESH,Ann,Thero,90,35,4,2,0,0,High,1,0,0,0,1,0,1,1,0,1,0,0,Slow,252,Low,High,13,1099903
Clinopodium,douglasii,N,0,CLDO,6,ESH,PolyHerb,Hemi,7,100,1,2,0,0,Med,1,0,0,0,1,0,0,0,0,1,0,0,Rapid,149,Med,High,13,
Collinsia,parviflora,N,0,COPA,8,ESH,Ann,Thero,4.8,50,1,2,0,0,,1,0,0,0,1,0,1,0,0,1,0,0,Slow,287,Med,Low,35,350000
Conium,maculatum,NIS,0,COMA,3,ESH,Bien,Hemi,840,300,1,2,0,0,Low,1,0,1,0,1,0,0,1,1,1,0,0,Rapid,232,Low,High,13,196751
Convolvulus,arvensis,NIS,1,COAR,7,Vine,PolyHerb,GeoHemi,4.8,200,1,2,0,0,Med,1,1,0,0,1,0,0,0,1,1,0,0,Rapid,155,High,Low,25,41937
Convolvulus,sepium,NIS,0,COSE,7,Vine,PolyHerb,GeoHemi,84,300,1,1,0,0,Med,1,1,0,0,1,0,0,0,1,1,0,0,Rapid,44,High,Low,,
Corallorhiza,striata,N,0,COST,19,Rose,PolyHerb,Geo,0,50,1,2,0,0,Low,1,1,0,0,1,0,0,0,0,0,0,1,Slow,193,Med,High,37,151197408
Crataegus,douglasii,n,0,CRDO,23,Shrub,WP,CrypPhan,30,700,1,1,0,0,High,1,0,1,0,1,0,0,0,0,1,0,0,Mod,254,Low,Med,156,21317
Crataegus,monogyna,NIS,0,CRMO,23,Shrub,WP,Phan,16.5,10000,1,2,0,0,High,1,0,1,0,1,0,0,0,0,1,0,0,Mod,89,High,Low,28,4447
Crepis,capillaris,NIS,0,CRCA,4,Rose,Ann,Hemi,13.5,90,1,4,0,0,Med,1,0,0,0,1,0,0,1,1,1,0,0,Rapid,127,Med,Low,,2185573
Crocus,longiflorus,NIS,0,CRLO,19,Rose,PolyHerb,Geo,30,15,3,1,0,0,Med,1,0,0,0,1,0,0,0,0,0,0,1,Slow,,High,Low,,
Cryptogramma,acrostichoides,N,0,CRAC,13,ELR,PolyHerb,GeoHemi,62.8,50,1,1,1,0,Low,1,1,0,0,0,0,1,0,1,0,0,0,,259,Low,High,43,45359229
Cynosurus,cristatus,NIS,0,CYCR,24,ESH,PolyHerb,Hemi,1.5,80,2,1,0,0,High,1,0,0,1,0,0,0,0,1,1,0,0,Mod,106,Low,Low,,852916
Cynosurus,echinatus,NIS,0,CYEC,8,ESH,Ann,Thero,50,50,1,2,0,0,Low,1,0,0,1,0,0,0,0,1,1,0,0,,261,Med,Med,19,312391
Cystopteris,fragilis,N,0,CYFR,25,ELR,PolyHerb,GeoHemi,450,20,1,2,0,0,Low,1,0,0,1,0,0,0,0,1,0,0,0,Slow,285,Low,High,36,45359229
Cytisus,scoparius,NIS,1,CYSC,26,Shrub,WP,Phan,0.02,300,1,1,0,1,High,1,0,1,0,1,0,0,1,1,1,0,0,Rapid,264,High,Low,25,67159
Dactylis,glomerata,NIS,0,DAGL,24,ESH,PolyHerb,Hemi,500,150,1,2,0,0,High,1,0,0,1,0,0,0,1,0,0,0,0,Mod,340,Med,Med,16,427200
Danthonia,californica,N,0,DACAL,24,ESH,PolyHerb,Hemi,18,130,3,3,0,0,High,1,0,0,0,1,0,1,0,0,1,0,0,Mod,87,Med,Low,41,40000
Daphne,laureola,NIS,1,DALA,26,Shrub,WP,Phan,26,180,1,1,1,0,Low,1,1,1,0,1,0,0,0,0,1,0,0,Mod,,High,High,,12741
Daucus,carota,N,0,DACA,12,Rose,Bien,GeoHemi,187.5,120,1,3,0,0,Low,1,0,0,0,1,0,0,1,0,1,0,0,Rapid,188,Med,Med,31,382660
Daucus,pusillus,N,0,DAPU,22,Rose,Ann,Thero,60,70,1,2,0,0,Med,1,0,0,0,1,0,0,1,0,1,0,0,Rapid,145,Med,High,13,503992
Delphinium,menziesii,N,0,DEME,27,ESH,PolyHerb,GeoHemi,45,70,1,1,0,0,Low,1,0,1,0,1,1,0,0,0,1,0,0,,165,Med,Med,,295308
Digitalis,purpurea,NIS,0,DIPU,3,ESH,Bien,Hemi,300,150,2,1,0,0,Low,1,0,1,0,1,1,0,1,1,0,0,0,Mod,246,Low,Low,28,4667536
Dodecatheon,hendersonii,N,0,DOHE,19,Rose,PolyHerb,Geo,140,30,1,1,0,0,Low,1,0,0,0,1,0,0,1,0,0,0,0,Slow,173,High,High,13,381170
Dodecatheon,pulchellum,N,0,DOPU,4,Rose,PolyHerb,Hemi,150,50,1,2,0,0,Low,1,0,0,0,1,0,0,1,1,0,0,0,Slow,18,Low,,20.3,1136823
Draba,verna,NIS,0,DRVE,22,Rose,Ann,Thero,1.25,20,1,2,0,0,Low,1,0,0,0,1,1,0,1,1,0,0,0,Rapid,193,Med,High,32,21599625
Elymus,elymoides,N,0,ELEL,3,ESH,PolyHerb,Hemi,9.2,65,1,1,0,0,Med,1,0,1,0,0,0,1,1,0,0,0,0,Mod,305,High,Low,18,192000
Elymus,glaucus,N,0,ELGL,6,ESH,PolyHerb,Hemi,7.8,180,1,3,0,0,Low,1,0,0,0,0,0,1,1,0,0,0,0,Rapid,298,High,Med,13,134500
Elymus,repens,NIS,0,ELRE,20,ESH,PolyHerb,GeoHemi,1,100,2,2,0,0,High,1,1,0,0,0,0,1,0,0,0,0,0,Rapid,198,Low,Low,58,110000
Epilobium,angustifolium,N,0,EPAN,27,ESH,PolyHerb,GeoHemi,16.5,300,2,2,0,0,Low,1,1,1,0,1,0,0,0,0,0,0,0,Rapid,312,Low,Med,45,8106061
Epilobium,ciliatum,N,0,EPCI,6,ESH,PolyHerb,Hemi,9,150,1,3,0,0,Med,1,0,0,0,0,0,1,0,0,0,0,0,Rapid,303,Low,Med,16,5952651
Epilobium,foliosum,N,0,EPFO,8,ESH,Ann,Thero,1.5,40,1,2,0,0,Low,1,0,0,0,1,0,0,0,0,0,0,0,Rapid,165,Med,Low,,
Epilobium,minutum,N,0,EPMI,17,ESH,Ann,Thero,5,45,2,2,0,0,,1,0,0,0,1,0,1,1,0,0,0,0,Rapid,323,Med,Med,20,4774652
Equisetum,arvense,N,0,EQAR,27,Bamb,PolyHerb,GeoHemi,0.9,80,1,1,0,0,Low,1,1,1,1,0,0,0,0,1,0,0,0,Rapid,290,Low,Med,40,
Eriophyllum,lanatum,N,0,ERLA,6,ESH,PolyHerb,,4,60,1,2,0,0,Low,1,0,0,0,1,0,0,0,0,0,0,0,Rapid,318,High,Med,18,"810,000"
Erodium,cicutarium,NIS,0,ERCI,16,ESH,Ann,Thero,60,40,1,2,0,0,High,1,0,0,0,1,0,1,0,0,0,0,0,Rapid,247,Med,Low,12,318152
Erythronium,oregonum,N,0,EROR,19,Rose,PolyHerb,Geo,200,35,1,1,0,0,Low,1,0,0,0,1,0,0,0,0,0,0,0,Slow,302,Med,Med,7,89742
Eshscholzia,california,NIS,0,ESCA,8,ESH,Ann,Thero,2.8,50,1,3,0,0,Low,1,0,0,0,1,0,0,0,0,0,0,0,Mod,26,Med,Med,30,269888
Festuca,occidentalis,N,0,FEOC,24,ESH,PolyHerb,Hemi,1.4,110,3,2,0,0,Med,1,0,0,1,0,0,1,0,0,0,0,0,Mod,102,Med,Med,30,348000
Festuca,rubra,N,0,FERU,24,ESH,PolyHerb,Hemi,12,120,1,1,0,0,Med,1,1,0,1,0,0,0,0,0,0,0,0,Mod,40,Med,Med,12,454087
Foeniculum,vulgare,NIS,0,FOVU,15,ESH,PolyHerb,Hemi,4,200,1,3,1,0,High,1,1,1,0,1,0,0,0,0,0,0,0,Slow,186,Med,Low,13,110386
Fragaria,vesca,NIS,0,FRVE,14,ELR,PolyHerb,Hemi,11.25,30,1,1,0,0,High,1,1,0,0,1,0,0,0,0,0,0,0,Rapid,275,Low,High,29,1511974
Fragaria,virginiana,N,0,FRVI,14,ELR,PolyHerb,Hemi,24.25,30,1,1,0,0,High,1,1,0,0,1,0,0,0,0,0,0,0,Rapid,188,Low,High,85,983931
Fritilaria,affinis,N,0,FRAF,20,ESH,PolyHerb,GeoHemi,30,80,1,1,0,0,High,1,0,0,0,1,0,0,0,0,0,0,0,Slow,269,Med,Med,13,
Galium,aparine,NIS,0,GAAP,22,Scrambler,Ann,Thero,0.4,120,2,1,0,0,Med,1,0,0,0,1,0,1,0,0,0,0,0,Rapid,252,Low,High,13,52137
Galium,triflorum,N,0,GATR,6,Scrambler,PolyHerb,Geo,1.35,80,2,1,0,0,Low,1,1,0,0,1,0,1,0,0,0,0,0,Rapid,229,Med,High,41,562770
Gaultheria,shallon,N,0,GASH,2,Shrub,WP,Phan,58.5,150,1,2,1,0,High,1,0,0,0,1,0,0,0,0,0,0,0,Slow,251,Low,High,18,3023953
Geranium,dissectum,NIS,0,GEDI,17,ESH,Ann,Thero,3,60,1,3,0,0,Med,1,0,0,0,0,0,1,0,0,0,0,0,Rapid,221,Med,Low,13,174503
Geranium,molle,NIS,0,GEMO,17,ESH,Ann,Thero,25,40,1,2,0,0,Med,1,0,0,0,1,0,1,0,0,1,1,0,Rapid,173,Med,Low,17,409312
Geranium,robertianum,NIS,0,GERO,17,ESH,Ann,Thero,5,60,2,2,0,0,Med,1,0,0,0,1,0,1,0,0,1,1,0,Rapid,158,Med,High,30,328287
Goodyera,oblongifolia,N,0,GOOB,4,Rose,PolyHerb,Hemi,14,40,3,1,1,0,Med,1,1,0,0,1,0,0,1,0,0,0,0,Slow,244,Med,Med,38,226795940
Grindelia,integrifolia/hirsuta/stricta,N,0,GRIN,6,ESH,PolyHerb,Hemi,160,80,1,3,0,0,Low,1,0,0,0,1,0,0,1,0,0,0,0,Rapid,142,Low,High,13,"61,500"
Hedera,helix,NIS,1,HEHE,21,Vine,PolyHerb,Cham,95,3000,1,1,1,0,Low,1,1,1,0,1,0,0,0,0,1,0,0,Slow,224,Low,High,13,47685
Hesperis,matronalis,N,0,HEMA,15,ESH,MonoHerb,Hemi,80,1300,1,1,1,0,Low,1,0,0,0,1,0,0,1,0,0,0,0,Slow,28,Med,Med,12,224000
Heuchera,micrantha,N,0,HEMI,13,Tussock,PolyHerb,Hemi,64,60,2,1,1,0,Low,1,0,0,0,1,0,0,1,0,0,0,0,Mod,277,Med,Med,30,11063232
Hieracium,albiflorum,N,0,HIAL,4,Rose,PolyHerb,Hemi,112.5,120,1,1,0,0,Med,1,0,0,0,1,0,0,1,0,0,0,0,Slow,270,High,Med,33,1054865
Holcus,lanatus,NIS,0,HOLA,3,ESH,PolyHerb,Hemi,250,100,2,1,0,0,Low,1,1,1,1,0,0,1,1,1,1,0,0,Slow,213,Med,Med,22,1520960
Holodiscus,discolor,N,0,HODI,10,Shrub,WP,Phan,42,400,1,3,0,0,Med,1,0,0,0,1,0,0,1,0,1,0,0,Mod,15,Low,Low,12,5307000
Hordeum,murinum,NIS,0,HOMU,17,ESH,Ann,Thero,3.2,40,1,1,0,0,Med,1,0,0,1,0,0,1,1,0,0,0,0,Rapid,236,Med,Low,13,51606
Hyacinthoides,hispanica,NIS,0,HYHI,9,Rose,PolyHerb,Geo,135,50,1,1,0,0,Med,1,0,1,0,1,0,0,1,0,0,0,0,Rapid,,Low,Low,,75348
Hypericum,perforatum,NIS,1,HYPE,21,ESH,PolyHerb,GeoHemi,0.45,100,1,3,0,0,Med,1,0,1,0,1,0,1,1,1,1,0,0,Slow,280,Med,Med,30,2540522
Hypochaeris,glabra,NIS,0,HYGL,22,Rose,Ann,Thero,5.25,40,2,2,0,0,Low,1,0,0,0,1,0,0,1,0,0,0,0,Rapid,193,Low,Low,10,679446
Hypochaeris,radicata,NIS,0,HYRA,4,Rose,PolyHerb,Hemi,245,60,2,2,0,0,Med,1,1,0,0,1,0,0,1,0,0,0,0,Rapid,221,Med,Low,13,615219
Ilex,aquifolium,NIS,1,ILAQ,26,Shrub,WP,Phan,24,500,1,2,1,0,Low,0,0,1,0,1,0,0,0,0,1,0,0,Slow,216,High,High,30,12259
Iris,germanica,NIS,0,IRGE,5,Rose,PolyHerb,GeoHemi,13.5,100,1,2,0,0,Low,1,0,1,0,1,0,0,0,1,0,0,0,Mod,83,Med,Med,36,
Juncus,bufonius,N,0,JUBU,6,ESH,Ann,Thero,1.6,45,1,1,0,0,Low,1,0,0,1,0,0,0,1,0,0,0,0,Slow,221,Low,Low,13,18090741
Juncus,tenuis,N,0,JUTE,8,ESH,PolyHerb,Hemi,9,75,3,2,0,0,Low,1,0,0,1,0,0,0,0,0,1,0,0,Rapid,216,Med,Med,46,45259200
Koeleria,macrantha,NIS,0,KOMA,4,Rose,PolyHerb,Hemi,1.2,60,1,2,0,0,Med,1,0,0,1,0,0,0,1,0,0,0,0,Rapid,223,High,Med,13,2315000
Laburnum,anagyroides,NIS,0,LAAN,23,DeT,WP,Phan,10.5,700,1,2,0,1,Low,1,0,1,0,1,0,0,1,0,0,0,0,Rapid,,Low,Med,,16494
Lactuca,muralis,NIS,0,LAMU,12,ESH,Bien,Hemi,144,90,2,2,0,0,High,1,0,0,0,1,0,1,1,0,0,0,0,Rapid,198,Low,High,17,
Lamiastrum,galeobdolon,NIS,0,LAGA,25,ELR,PolyHerb,GeoHemi,37.5,100,1,2,0,0,Low,1,0,0,0,1,0,0,1,0,0,0,0,Rapid,45,Med,Med,44,199762
Lamium,amplexicaule,NIS,0,LAAM,17,ESH,Ann,Thero,6,40,1,4,0,0,Med,1,0,0,0,1,0,1,0,0,1,0,0,Rapid,135,Med,Low,32,755987
Lamium,purpureum,NIS,0,LAPU,17,ESH,Ann,Thero,25,40,1,3,0,0,Med,1,0,0,0,1,0,1,1,0,0,0,0,Rapid,59,Med,Med,48,5640890
Lapsana,communis,NIS,0,LACO,17,ESH,Ann,Thero,70,150,1,2,0,0,Med,1,0,0,0,1,0,1,1,0,0,0,0,Rapid,84,Med,Med,41,371188
Lathyrus,latifolius,NIS,0,LALA,28,Vine,PolyHerb,Hemi,75,200,1,2,0,1,Low,1,1,0,0,1,0,0,1,0,0,0,0,Mod,163,High,Low,28,8000
Lathyrus,nevadensis,N,0,LANE,12,Vine,PolyHerb,Hemi,36,100,1,2,0,0,Low,1,0,0,0,1,0,1,1,0,0,0,0,Rapid,265,High,Med,53,27161
Lepidium,heterophyllum,NIS,0,LEHE,6,ESH,PolyHerb,Hemi,4.3,45,1,2,0,0,,1,0,0,0,1,0,0,1,0,0,0,0,,142,Med,Med,,318048
Leucanthemum,vulgare,NIS,0,LEVU,30,ELR,PolyHerb,Hemi,70.3,80,2,1,0,0,Low,1,0,0,0,1,0,1,1,0,0,0,0,Mod,211,Med,Low,28,1079981
Ligustrum,vulgare,NIS,0,LIVU,10,Shrub,WP,GeoPhan,18,500,2,2,0,0,Low,1,0,0,0,1,0,0,0,0,1,0,0,Mod,79,High,Med,,23025
Lilium,columbianum,N,0,LICO,19,ESH,PolyHerb,Geo,30,120,2,1,0,0,Med,1,0,0,0,1,0,0,1,0,0,0,0,Slow,96,Med,High,,
Linanthus,bicolor,N,0,LIBI,8,ESH,Ann,Thero,,15,1,2,0,0,,1,0,0,0,1,0,0,0,0,0,0,1,Rapid,193,Low,Low,10,
Lithophragma,parviflorum,N,0,LIPA,19,Rose,PolyHerb,Geo,,30,1,2,0,0,,1,0,0,0,1,0,0,0,0,0,0,1,,183,High,Low,35,
Lolium,perenne,NIS,0,LOPE,7,ELR,MonoHerb,GeoHemi,,100,1,2,1,0,Med,1,1,0,1,0,0,0,1,0,0,0,0,Rapid,221,Low,Low,13,240400
Lomatium,dissectum,N,0,LODI,6,ESH,PolyHerb,Hemi,,150,1,2,0,0,High,1,0,0,0,1,0,0,0,0,1,0,0,Rapid,86,High,Med,12,45031
Lomatium,nudicaule,N,0,LONU,15,ESH,PolyHerb,Hemi,5.4,90,1,2,0,0,High,1,0,0,0,1,0,0,1,0,0,0,0,Slow,224,High,Low,41,45225
Lomatium,utriculatum,N,0,LOUT,20,ESH,PolyHerb,Geo,0.5,60,1,1,0,0,High,1,0,0,0,1,0,1,1,0,0,0,0,Rapid,211,Med,High,19,109301
Lonicera,ciliosa,N,0,LOCI,10,Woody Vine,WP,Phan,50,600,1,3,0,0,High,1,0,0,0,1,0,0,0,0,1,0,0,Mod,229,Med,Med,,37133
Lonicera,hispidula,N,0,LOHI,2,Woody Vine,WP,Phan,40,600,1,2,0,0,Low,0,0,0,0,1,0,0,0,0,1,0,0,Rapid,250,Med,High,16,65955
Lonicera,involucrata,N,0,LOIN,10,Shrub,WP,Phan,128,500,3,1,0,0,Med,1,0,0,0,1,0,0,0,0,1,0,0,Mod,272,Low,High,26,251996
Lotus,corniculatus,NIS,0,LOCO,27,ELR,PolyHerb,GeoHemi,0.75,60,2,2,0,1,High,1,1,1,0,1,0,0,0,0,0,1,0,Rapid,178,Med,Low,19,369840
Lotus,micranthus,N,0,LOMI,16,ESH,Ann,Thero,,30,1,2,0,0,High,1,0,0,0,1,0,0,0,0,0,1,0,Rapid,219,Med,Low,21,198075
Lunaria,annua,NIS,0,LUAN,8,ESH,Ann,Thero,100,100,1,2,0,0,Low,1,0,0,0,1,0,1,1,0,0,0,0,Rapid,124,High,Low,39,30029
Lupinus,bicolor,N,0,LUBI,18,ESH,Ann,Thero,1.5,40,1,2,0,0,Low,1,0,1,0,1,0,0,1,0,0,1,0,Rapid,228,Med,High,12,75000
Lupinus,polycarpus,N,0,LUPO,18,ESH,Ann,Thero,2,45,2,1,0,0,Low,1,0,1,0,1,0,0,1,0,0,0,0,Rapid,,Med,Low,,29000
Luzula,comosa,N,0,LUCO,24,ESH,PolyHerb,Hemi,9,60,1,2,0,0,,1,0,0,0,1,0,0,1,0,0,0,0,Mod,277,Low,Med,13,56207
Luzula,multiflora,NIS,0,LUMU,6,ESH,PolyHerb,Hemi,9,50,1,2,0,0,,1,0,0,0,1,0,0,1,0,0,0,0,Rapid,,High,Med,,25919
Luzula,subsessilis,N,0,LUSU,6,ESH,PolyHerb,Hemi,6,35,1,2,0,0,,1,0,0,0,1,0,0,1,0,0,0,0,Rapid,254,Med,Low,,83874
Lychnis,coronaria,NIS,0,LYCO,6,ESH,PolyHerb,HemiThero,30,100,2,2,0,0,Low,1,0,0,0,1,0,1,1,0,0,0,0,Rapid,86,Med,Med,41,
Lycopodium,clavatum,N,0,LYCL,13,ELR,PolyHerb,GeoHemi,,25,2,1,1,0,Low,,1,0,0,0,0,1,0,1,0,0,0,,97,Low,High,,
Madia,sativa,NIS,0,MASI,8,ESH,Ann,Thero,216,100,1,2,0,0,Low,0,0,0,0,1,0,0,0,0,0,0,1,Rapid,160,High,Low,28,146320
Mahonia,aquifolium,N,0,MAAQ,31,Shrub,WP,Phan,,450,4,2,1,0,Med,1,0,1,0,1,0,1,0,0,1,0,0,Slow,366,High,High,36,33000
Mahonia,nervosa,N,0,MANE,31,Shrub,WP,Phan,6,60,4,2,1,0,Med,1,0,1,0,1,0,1,0,0,1,0,0,Slow,264,High,High,53,23000
Maianthemum,racemosum,N,0,MARA,30,ELR,PolyHerb,Phan,160,100,1,2,0,0,Med,1,0,0,0,1,0,0,0,0,1,0,0,Mod,280,Low,Med,32,1120
Maianthemum,stellatum,N,0,MAST,30,ELR,PolyHerb,Phan,60,60,1,2,0,0,Med,1,0,0,0,1,0,0,0,0,1,0,0,Mod,287,Low,Med,36,2825
Malus,fusca,N,0,MAFU,23,DeT,WP,Phan,63,1200,1,1,0,0,High,1,0,1,0,1,0,0,0,0,1,0,0,Mod,236,High,Med,,8770
Malva,sylvestris,NIS,0,MASY,24,ESH,PolyHerb,Hemi,81,50,2,2,0,0,Med,1,0,0,0,1,0,1,0,0,0,0,1,Mod,94,Med,Med,131,78206
Matricaria,discoidea,N,0,MADI,17,ESH,Ann,Thero,0.9,45,1,3,0,0,Med,1,0,0,0,1,0,0,1,1,1,0,0,Rapid,237,High,Low,22,293107
Medicago,arabica,NIS,0,MEAR,29,ESH,Ann,Thero,9.6,80,1,2,0,1,High,1,0,0,0,1,0,1,0,0,1,0,0,Rapid,66,Med,Low,39,224114
Medicago,lupulina,NIS,0,MELU,29,ESH,Ann,Thero,1.2,50,1,2,0,1,High,1,0,0,0,1,0,1,0,0,1,0,0,Slow,132,Low,Low,27,265840
Melica,harfordii,N,0,MEHA,25,ESH,PolyHerb,GeoHemi,,100,1,2,0,0,Low,1,0,0,1,0,0,0,1,0,0,0,0,Mod,251,High,High,26,149210
Melica,subulata,N,0,MESU,25,ESH,PolyHerb,GeoHemi,,110,1,2,0,0,Low,1,1,0,1,0,0,0,1,0,0,0,0,Mod,231,Med,High,39,197000
Mimulus,alsinoides,N,0,MIAL,8,ESH,Ann,Thero,,25,1,2,0,0,Low,1,0,0,0,1,0,0,1,0,0,1,0,Rapid,,Low,High,2,1255396
Mimulus,guttatus,N,0,MIGU,15,ESH,PolyHerb,Hemi,70,80,2,2,0,0,Low,1,0,0,0,1,0,0,1,0,1,0,0,Slow,267,Low,High,13,2267960
Minuartia,tenella,N,0,MITE,8,ESH,Ann,Thero,3.5,30,1,2,0,0,Low,1,0,0,0,0,0,1,0,0,0,0,1,Rapid,,,Med,,92873
Moehringia,macrophylla,N,0,MOMA,6,ESH,PolyHerb,Hemi,0.6,25,1,2,0,0,,1,0,0,0,1,0,0,0,0,0,0,1,,244,,High,48,
Moenchia,erecta,NIS,0,MOER,17,ESH,Ann,Thero,0.075,12,1,2,0,0,Med,1,0,0,0,1,0,1,1,0,0,0,0,Rapid,59,Med,Low,,2163998
Monotropa,uniflora,N,0,MOUN,19,Parasite,PolyHerb,Geo,,30,2,1,0,0,Med,1,0,0,0,1,0,0,1,0,0,0,0,Slow,143,Med,High,,
Montia,dichotoma,N,0,MOLil,16,ESH,Ann,Thero,0.012,5,1,2,0,0,High,1,0,0,0,1,0,0,1,0,0,0,0,Rapid,,Low,Med,,
Montia,fontana,N,0,MOFO,17,ESH,Ann,Thero,1.05,20,1,3,0,0,Med,1,0,0,0,1,0,1,1,0,0,0,0,Rapid,244,Low,Low,16,1727970
Montia,parvifolia,N,0,MOPA,30,ELR,PolyHerb,Hemi,6,25,1,2,0,0,,1,1,0,0,1,0,0,0,0,0,0,1,,310,Low,High,,
Muscari,armeniacum,NIS,0,MUAR,5,Rose,PolyHerb,Geo,,25,1,1,0,0,Low,1,1,0,0,1,0,0,1,0,0,0,0,Mod,,Med,Med,,129351
Myosotis,discolor,NIS,0,MYDI,8,ESH,Ann,Thero,3.2,50,1,2,0,0,,1,0,0,0,1,0,0,0,0,1,0,0,Rapid,155,Med,High,51,2398467
Narcissus,pseudonarcissus,NIS,0,NAPS,9,Rose,PolyHerb,Geo,42,40,1,1,0,0,Low,1,1,1,0,1,0,0,1,0,1,0,0,Rapid,58,Med,Med,51,90883
Navarretia,squarrosa,N,0,NASQ,18,ESH,Ann,Thero,0.6,40,2,1,0,0,Low,1,0,1,0,1,0,0,0,0,0,1,0,Rapid,168,High,High,39,3687739
Nemophila,parviflora,N,0,NEPA,8,ESH,Ann,Thero,8.75,30,1,2,0,0,Low,1,0,0,0,1,0,0,0,0,1,0,0,Rapid,224,Med,High,17,96611
Oemleria,cerasiformis,N,0,OECE,2,Shrub,WP,Phan,48,500,1,1,0,0,Low,0,0,0,0,1,0,0,0,0,1,0,0,Rapid,231,Low,Med,13,3215
Olsynium,douglasii,N,0,OLDO,5,Rose,PolyHerb,Hemi,9,30,4,2,0,0,Low,1,0,0,0,1,0,0,0,0,0,0,0,Mod,15,Med,Low,20,500000
Orobanche,uniflora,N,0,ORUN,19,Parasite,PolyHerb,Geo,,15,1,2,0,0,Med,1,0,0,0,0,0,1,1,0,0,0,0,,256,Med,High,27,41235636
Osmorhiza,berteroi,N,0,OSBE,24,ESH,PolyHerb,GeoHemi,49.5,100,1,2,0,0,Med,1,0,0,0,1,0,0,0,0,1,0,0,Mod,275,Med,High,34,80854
Parentucellia,viscosa,NIS,0,PAVI,8,ESH,Ann,Thero,6,50,1,2,0,0,Low,1,0,0,0,1,0,0,1,1,1,0,0,Rapid,102,High,Low,41,20617818
Paxistima,myrsinites,N,0,PAMY,2,Shrub,WP,Phan,3.2,100,1,2,1,0,High,1,0,0,0,1,0,0,0,0,1,0,0,Mod,323,Med,High,38,
Pentagramma,triangularis,N,0,PETR,13,Lithophyte,PolyHerb,Cham,225,30,,3,1,0,Low,1,0,0,0,0,0,1,1,1,1,0,0,Mod,237,High,High,13,45359229
Perideridia,gairdneri,N,0,PEGA,19,ESH,PolyHerb,Geo,2,120,1,1,0,0,Med,1,0,0,0,1,0,1,1,0,0,0,0,Slow,300,Low,High,40,400000
Phalaris,arundinacea,NIS,0,PHAR,19,ESH,PolyHerb,Geo,8.5,150,2,1,0,0,Med,1,1,0,1,0,0,1,1,0,1,1,0,Mod,188,Low,Low,24,537920
Philadelphus,lewisii,N,0,PHLE,10,Shrub,WP,Phan,15,300,1,2,0,0,High,1,0,0,0,1,0,0,1,0,0,0,0,Mod,251,Med,Low,35,8000000
Phleum,pratense,NIS,0,PHPR,14,Rose,PolyHerb,Hemi,6.4,100,1,2,0,0,High,1,0,0,1,0,0,0,1,0,0,0,0,Rapid,269,Low,Med,49,1163200
Picea,sitchensis,N,0,PISI,1,DeT,WP,Phan,0.25,9000,1,2,1,0,Low,1,1,0,1,0,0,0,1,0,0,0,0,Slow,158,Low,High,76,209600
Pinus,contorta,N,0,PICO,1,ExT,WP,Phan,1.6,3000,1,1,1,0,Low,1,0,0,1,0,0,0,1,0,0,0,0,Slow,285,Med,Low,36,135000
Piperia,unalascensis,N,0,PISP,4,Rose,PolyHerb,Hemi,60,90,1,2,0,0,Med,1,0,0,0,1,0,0,1,0,0,0,0,,358,Low,Med,23,
Plagiobothrys,scouleri,N,0,PLSC,8,ESH,Ann,Thero,3.25,20,1,2,0,0,,1,0,0,0,1,0,0,0,0,0,0,1,,251,Low,Med,56,3085660
Plantago,elongata,N,0,PLEL,22,Rose,Ann,Thero,1.5,20,1,1,0,0,Med,1,0,0,1,0,0,0,0,0,1,0,0,Rapid,188,Low,Low,24,2749042
Plantago,lanceolata,NIS,0,PLLA,4,Rose,PolyHerb,Hemi,140,60,1,2,0,0,Med,0,1,0,1,1,0,1,1,0,1,0,0,Rapid,244,Low,Low,13,280653
Plantago,major,NIS,0,PLMAJ,5,Rose,PolyHerb,Hemi,198,50,1,3,0,0,Low,1,0,0,1,0,0,1,1,0,0,0,0,Mod,183,Med,Med,13,2270000
Platanthera,aquilonis,N,0,PLAQ,4,Rose,PolyHerb,Hemi,125,60,1,2,0,0,Med,1,0,0,0,0,0,1,1,0,0,0,0,,,Low,Med,,
Plectritis,congesta,N,0,PLCO,16,ESH,Ann,Thero,13.2,60,1,2,0,0,High,1,0,0,0,1,0,1,1,0,0,0,0,Rapid,266,Med,Med,20,786121
Plectritis,macrocera,N,0,PLMA,17,ESH,Ann,Thero,8.1,60,1,1,0,0,,1,0,0,0,0,0,0,1,0,0,0,0,Rapid,211,Med,Low,16,1103630
Poa,annua,NIS,0,POAN,8,ESH,Ann,Thero,0.9,20,1,1,0,0,Med,1,1,0,1,0,0,1,0,1,1,0,0,Mod,221,Low,Med,13,1195680
Poa,bulbosa,NIS,0,POBU,24,ESH,PolyHerb,Hemi,0.5,60,1,2,0,0,Med,1,0,0,0,0,0,1,0,0,1,0,0,Mod,266,Med,Med,30,266240
Poa,compressa,NIS,0,POCO,20,ESH,PolyHerb,Geo,2.4,60,1,1,0,0,High,1,1,0,1,0,0,0,0,0,1,0,0,Mod,208,Med,Med,48,2392820
Poa,pratensis,NIS,0,POPR,20,ESH,PolyHerb,Geo,9,70,1,3,0,0,High,1,1,0,1,0,0,0,1,1,1,0,0,Mod,348,Low,Low,24,1389840
Poa,secunda,N,0,POSE,24,ESH,PolyHerb,Cham,,120,1,1,0,0,Med,1,0,0,1,0,0,1,1,0,0,0,0,Mod,391,High,Med,14,1046960
Polygonum,douglasii,N,0,PODU,11,ESH,Ann,Thero,2,40,3,2,0,0,Low,1,0,0,0,1,0,0,0,0,0,0,1,Rapid,312,Med,Med,47,302798
Polypodium,glycyrrhiza,N,0,POGL,30,ELR,PolyHerb,Epi,900,70,3,1,0,0,Low,1,1,0,0,0,0,0,1,1,0,0,0,Mod,176,Med,Med,54,45359229
Polypogon,monspeliensis,NIS,0,POMO,8,ESH,Ann,Thero,122.5,70,2,1,0,0,High,1,0,0,1,0,0,0,1,1,1,0,0,Mod,206,Low,Low,14,125000
Polystichum,imbricans,N,0,POIM,13,Tussock,PolyHerb,ChamGeo,3750,150,,4,1,0,Med,1,1,0,0,0,0,1,1,0,0,0,0,Mod,236,Med,High,20,45359229
Polystichum,lonchitis,N,0,POLO,13,Tussock,PolyHerb,Hemi,350,60,2,2,1,0,Low,1,1,0,0,0,0,1,1,0,0,0,0,Rapid,203,,High,16,45359229
Potentilla,recta,NIS,0,PORE,6,ESH,PolyHerb,Hemi,20,70,2,1,0,0,Med,1,0,0,0,1,0,0,1,0,1,0,0,Rapid,,Med,Low,,1376050
Prunella,vulgaris,N,0,PRVU,15,ESH,PolyHerb,Hemi,28,50,1,2,0,0,Med,1,0,0,0,1,0,0,1,0,0,0,0,Slow,280,Med,Med,18,668000
Prunus,emarginata,N,0,PREM,23,ExT,WP,Phan,24,1500,1,1,0,0,Med,1,0,1,0,1,0,0,0,0,1,0,0,Mod,340,Med,Low,22,7020
Pseudotsuga,menziesii,N,0,PSME,1,ExT,WP,Phan,0.7,9000,1,2,1,0,Low,1,0,0,1,0,0,0,0,0,1,0,0,Slow,336,Low,Med,23,42080
Pteridium,aquilinum,N,0,PTAQ,19,Tussock,PolyHerb,Geo,17000,300,2,1,0,0,Low,1,1,0,1,0,0,0,1,0,0,0,0,Slow,287,Med,High,16,45359229
Quercus,garryana,N,0,QUGA,1,DeT,WP,Phan,96,2500,1,2,0,0,Med,1,0,0,1,0,0,0,1,0,1,0,0,Slow,271,High,Low,25,85
Ranunculus,occidentalis,NIS,0,RAOC,12,Rose,PolyHerb,Hemi,44,60,1,2,0,0,Low,1,0,1,0,1,0,0,1,0,1,0,0,Rapid,271,High,High,30,200000
Ranunculus,repens,NIS,1,RARE,21,ELR,PolyHerb,Hemi,85,100,1,1,0,0,Low,1,1,1,0,1,0,0,0,1,1,0,0,Slow,204,Low,High,51,28000
Rhinanthus,minor,N,0,RHMI,8,ESH,Ann,Thero,17.5,80,1,2,0,0,Low,1,0,0,0,1,0,1,1,0,0,0,0,Rapid,,Med,Low,,172674
Ribes,sanguineum,N,0,RISA,10,Shrub,WP,Phan,63,300,1,2,0,0,Med,1,0,0,0,1,0,0,0,0,1,0,0,Mod,332,Med,Med,28,284000
Rosa,gymnocarpa,N,0,ROGY,23,Shrub,WP,Phan,40,150,1,2,0,0,Low,1,0,1,0,1,0,0,0,0,1,0,0,Rapid,353,Med,High,29,28000
Rosa,nutkana,N,0,RONU,23,Shrub,WP,Phan,84,300,1,2,0,0,Low,1,0,1,0,1,0,1,0,0,1,0,0,Rapid,198,Low,Med,15,45000
Rubus,discolor,NIS,1,RUDI,26,Shrub,WP,Phan,300,500,1,2,1,0,High,1,0,1,0,1,0,1,0,0,1,0,0,Rapid,272,High,High,13,147000
Rubus,laciniatus,NIS,0,RULA,26,Shrub,WP,Phan,6,1000,2,1,1,0,High,1,0,1,0,1,0,1,0,0,1,0,0,Rapid,226,Low,High,57,137000
Rubus,parviflorus,N,0,RUPA,2,Shrub,WP,Phan,400,250,1,1,0,0,High,1,0,0,0,1,0,0,0,0,1,0,0,Rapid,356,Med,Med,27,204000
Rubus,ursinus,N,0,RUUR,23,Shrub,WP,Hemi,150,50,1,1,0,0,High,1,1,1,0,1,0,0,0,0,1,0,0,Rapid,376,Med,Low,13,327000
Rumex,acetosella,NIS,0,RUAC,9,Rose,PolyHerb,GeoHemi,10,30,1,2,0,0,Med,0,1,1,1,0,0,0,1,0,0,0,0,Rapid,285,Med,Low,13,790481
Rumex,aquaticus,NIS,0,RUAQ,7,ESH,PolyHerb,GeoHemi,320,150,2,1,0,0,Med,1,0,0,1,0,0,0,1,0,0,0,0,Rapid,160,Low,Low,,544341
Rumex,crispus,NIS,1,RUCR,7,ESH,PolyHerb,GeoHemi,180,100,2,2,0,0,Med,1,0,0,1,0,0,0,1,1,0,0,0,Rapid,239,Med,Med,13,185039
Sagina,decumbens,N,0,SADE,8,ESH,Ann,Thero,3,15,1,1,0,0,Low,1,0,0,0,0,0,0,1,0,0,0,0,Rapid,188,Low,Low,29,41235636
Sambucus,racemosa,N,0,SARA,10,Shrub,WP,GeoPhan,15,600,2,1,0,0,High,1,0,0,0,1,0,1,0,0,1,0,0,Mod,231,Low,Med,16,284500
Sanicula,bipinnatifida,N,0,SABI,6,ESH,PolyHerb,GeoHemi,156,60,1,1,0,0,Low,1,0,0,0,1,0,0,1,0,1,0,0,Rapid,282,Med,Low,16,71218
Sanicula,crassicaulis,N,0,SACR,25,ESH,PolyHerb,GeoHemi,234,120,1,1,0,0,Low,1,0,0,0,1,0,0,0,0,1,0,0,Mod,186,Med,High,13,92854
Sanicula,graveolens,N,0,SAGR,25,ESH,PolyHerb,GeoHemi,14,50,1,2,0,0,Low,1,0,0,0,1,0,0,0,0,1,0,0,Mod,265,Med,Med,29,170844
Saxifraga,caespitosa,N,0,SACA,25,Rose,PolyHerb,GeoHemi,,15,1,3,0,0,Low,1,0,0,0,1,0,0,1,0,0,0,0,Slow,,Med,Med,,4820319
Saxifraga,rufidula,N,0,SARU,25,Rose,PolyHerb,GeoHemi,30,20,1,2,0,0,Low,1,0,0,0,1,0,0,0,0,0,0,1,,,Med,Med,,
Saxifrage,integrifolia,N,0,SAIN,25,Rose,PolyHerb,GeoHemi,28,30,1,2,0,0,Low,1,0,0,0,1,0,0,0,0,0,0,1,,165,Med,Med,,
Sedum,album,NIS,0,SEAL,13,Succulent,PolyHerb,Hemi,14.4,20,2,1,1,0,Low,1,1,0,0,1,0,1,0,1,0,0,0,,,Med,Med,,11339800
Sedum,reflexum,NIS,0,SERE,13,Succulent,PolyHerb,Hemi,,10,2,2,1,0,Low,1,1,0,0,1,0,1,0,0,0,0,1,Rapid,,Med,Med,,
Sedum,spathulifolium,N,0,SESP,13,Succulent,PolyHerb,Hemi,2.5,22,2,1,1,0,Low,1,1,0,0,1,0,1,0,1,0,0,0,Mod,280,Med,Med,16,6479886
Selaginella,wallacei,N,0,SEWA,13,Cushion,PolyHerb,Hemi,0.11,40,2,1,1,0,Low,1,0,0,1,0,0,0,1,1,0,0,0,,252,Med,High,26,
Senecio,jacobaea,NIS,1,SEJA,21,ESH,MonoHerb,Hemi,120,100,2,2,0,0,Low,1,0,1,0,1,0,1,1,0,0,0,0,Mod,163,Med,Med,30,1693154
Senecio,vulgaris,NIS,0,SEVU,18,ESH,Ann,Thero,45,55,1,4,0,0,Low,1,0,1,0,1,0,1,1,0,0,0,0,Slow,244,Med,Low,13,400000
Sherardia,arvensis,NIS,0,SHAR,8,ESH,Ann,Thero,,16,1,3,0,0,Low,1,0,0,0,1,0,1,0,1,0,0,0,Rapid,309,Low,Low,21,269157
Silene,gallica,NIS,0,SIGA,8,ESH,Ann,Thero,6,50,1,3,0,0,Low,1,0,0,0,1,0,1,0,0,1,0,0,Rapid,188,Med,Med,13,1347530
Sisymbrium,officinale,NIS,0,SIOF,17,ESH,Ann,Thero,150,100,2,1,0,0,Med,1,0,0,0,1,0,1,1,0,0,0,0,Rapid,186,Med,Med,18,1686738
Sonchus,arvensis,NIS,1,SOAR,21,Rose,PolyHerb,Hemi,600,200,2,2,0,0,Med,1,0,1,0,1,0,0,1,0,0,0,0,Mod,229,Med,Med,25,489861
Sonchus,asper,NIS,0,SOAS,18,ESH,Ann,Thero,450,100,2,1,0,0,Med,1,0,1,0,1,0,1,1,0,0,0,0,Rapid,162,Med,Med,16,1616307
Sonchus,oleraceus,NIS,0,SOOL,18,ESH,Ann,Thero,450,100,2,1,0,0,Med,1,0,1,0,1,0,1,1,0,0,0,0,Rapid,157,Med,Med,13,1482327
Sorbus,sitchensis,NIS,0,SOSI,2,Shrub,WP,Phan,20.4,400,1,1,0,0,High,1,0,0,0,1,0,0,0,0,1,0,0,Slow,165,Low,Low,,140000
Spergularia,rubra,NIS,0,SPRU,12,ESH,Bien,Thero,0.2,30,1,3,0,0,Low,1,0,0,0,1,0,1,0,0,0,0,0,Rapid,269,Med,Low,21,15570457
Spiraea,douglasii,N,0,SPDO,10,Shrub,WP,Phan,40,250,1,2,0,0,Low,1,0,0,0,1,0,0,0,0,0,0,1,Mod,251,Med,Low,44,1030400
Spiranthes,romanzoffiana,N,0,SPRO,12,Rose,PolyHerb,Hemi,2,50,2,1,0,0,Low,1,1,0,0,1,0,0,0,0,0,0,1,Rapid,193,Low,Med,89,1100000
Stellaria,media,NIS,0,STME,3,ELR,PolyHerb,Hemi,0.675,50,1,4,0,0,Med,1,1,1,0,1,0,1,0,0,1,0,0,Rapid,229,Med,Med,13,1050252
Symphoricarpos,albus,N,0,SYAL,23,Shrub,WP,Phan,17.5,300,1,2,0,0,Med,1,1,1,0,1,0,1,0,0,1,0,0,Rapid,229,High,Low,22,76029
Syringa,vulgaris,NIS,0,SYVU,10,Shrub,WP,Phan,76,457,1,2,0,0,Low,1,0,0,0,1,0,1,0,0,0,1,0,Mod,51,Med,Med,36,90720
Tanacetum,parthenium,NIS,0,TAPA,3,ESH,PolyHerb,Hemi,60,80,2,1,0,0,Med,1,0,1,0,1,0,0,1,0,0,0,0,Rapid,142,Med,Med,43,4249390
Taraxacum,officinale,NIS,0,TAOF,6,ESH,PolyHerb,Hemi,400,60,4,2,0,0,Low,1,1,0,0,1,0,1,1,0,0,0,0,Rapid,229,Med,Med,16,562480
Taxus,brevifolia,N,0,TABR,1,ExT,WP,Phan,0.36,1500,1,2,1,0,Low,0,1,1,1,0,0,0,0,0,1,0,0,Slow,299,Med,High,35,15600
Teesdalia,nudicaulis,NIS,0,TENU,11,Rose,Ann,Thero,6.7,25,4,2,0,0,Low,1,0,0,0,1,0,1,0,0,0,1,0,Mod,,High,Low,,1639840
Thlaspi,arvense,NIS,0,THAR,8,ESH,Ann,Thero,12,50,1,2,0,0,Low,1,0,0,0,1,0,1,1,1,0,0,0,,107,Med,Low,51,404492
Thuja,plicata,N,0,THPL,1,ExT,WP,Phan,1.2,6000,1,2,1,0,Low,1,1,0,1,0,0,0,1,0,0,0,0,Slow,147,Low,High,76,323994
Torilis,japonica,NIS,0,TOJA,17,ESH,Ann,Thero,0.5,120,3,2,0,0,Med,1,0,0,0,1,0,1,0,0,1,0,0,Rapid,165,Med,Med,84,266819
Tragopogon,porrifolius,NIS,0,TRPO,12,Rose,Bien,Hemi,60,100,1,1,0,0,Low,1,0,0,0,1,0,0,1,0,0,0,0,Rapid,183,Med,Med,28,29702
Trientalis,borealis,N,0,TRBO,6,ESH,PolyHerb,Geo,33,25,2,2,0,0,Low,1,1,0,0,1,0,0,0,0,1,0,0,Rapid,,Med,Med,,851016
Trifolium,dubium,NIS,0,TRDU,29,ESH,Ann,Thero,,50,1,2,0,1,High,1,0,0,0,1,0,1,0,0,1,0,0,Rapid,158,Med,Low,18,1088252
Trifolium,microcephalum,N,0,TRMI,29,ESH,Ann,Thero,1.25,70,1,2,0,1,High,1,0,0,0,1,0,0,0,0,1,0,1,Rapid,201,Med,Med,11,867289
Trifolium,microdon,N,0,TRMIC,29,ESH,Ann,Thero,3,50,1,2,0,1,High,1,0,0,0,1,0,0,0,0,1,0,1,Rapid,132,Med,Med,37,
Trifolium,oliganthum,N,0,TROL,29,ESH,Ann,Thero,0.63,35,1,2,0,1,High,1,0,0,0,1,0,0,0,0,1,0,1,Rapid,190,Med,Med,31,427111
Trifolium,pratense,NIS,0,TRPR,28,ESH,PolyHerb,Hemi,,70,1,2,0,1,High,1,0,0,0,1,0,0,0,0,1,0,0,Rapid,175,Med,Low,43,272160
Trifolium,repens,NIS,0,TRRE,24,ESH,PolyHerb,Hemi,3.75,60,2,2,0,1,High,1,0,0,0,1,0,0,1,1,1,0,0,Mod,181,Low,Low,68,711867
Trifolium,subterraneum,NIS,0,TRSU,29,ESH,Ann,Thero,,30,4,2,0,1,High,1,0,0,0,0,0,1,0,0,1,0,0,Rapid,163,Med,Med,27,54000
Trifolium,variegatum,N,0,TRVA,29,ESH,Ann,Thero,,60,1,2,0,1,High,1,0,0,0,1,0,0,0,0,1,0,0,Rapid,208,Med,Med,13,297242
Trifolium,willdenovii,N,0,TRWI,29,ESH,Ann,Thero,,70,1,1,0,1,High,1,0,0,0,1,0,0,0,0,1,0,0,Rapid,228,Med,High,13,340000
Triphysaria,pusilla,N,0,TRPU,8,Parasite,Ann,Thero,0.6,20,1,1,0,0,Low,1,0,0,0,1,0,0,0,0,0,0,1,Rapid,142,High,Med,18,2387326
Triteleia,howellii,N,0,TRHO,19,Rose,PolyHerb,Geo,32,50,1,1,0,0,Med,1,1,0,0,1,0,0,0,0,0,0,1,,,Low,High,,
Triteleia,hyacinthina,N,0,TRHY,5,Rose,PolyHerb,Geo,4,60,1,2,0,0,Med,1,1,0,0,1,0,0,0,0,0,0,1,Mod,213,Low,Low,13,384615
Ulex,europaeus,NIS,0,ULEU,26,Shrub,WP,ChamPhan,0.75,300,1,3,1,1,Med,1,1,1,0,1,0,0,0,1,0,1,0,Rapid,244,Mod,Low,33,71429
Valerianella,locusta,NIS,0,VALO,16,ESH,Ann,Thero,12.6,40,1,2,0,0,High,1,0,0,0,1,0,1,1,0,0,0,0,Rapid,,High,Low,,250000
Veratrum,viride,N,0,VEVI,3,ESH,PolyHerb,Hemi,525,200,2,2,0,0,Low,1,1,1,0,1,0,0,1,0,0,0,0,Mod,,Low,Med,,341046
Veronica,arvensis,NIS,0,VEAR,11,ESH,Ann,Thero,1.125,30,4,2,0,0,Low,1,0,0,0,1,0,1,0,0,0,0,1,Rapid,262,High,Low,34,3333333
Veronica,filiformis,NIS,0,VEFI,6,ESH,PolyHerb,Hemi,0.25,40,2,1,0,0,,1,1,0,0,0,0,0,0,0,0,0,1,Rapid,165,Med,High,,
Vicia,americana,N,0,VIAM,28,Vine,PolyHerb,Geo,2.1,100,1,2,0,1,High,1,1,0,0,1,0,1,0,0,0,0,1,Mod,295,High,Low,18,32833
Vicia,cracca,NIS,0,VICR,28,Vine,PolyHerb,Hemi,,200,1,2,0,1,High,1,1,0,0,1,0,1,0,0,0,1,0,Rapid,68,High,Low,,32895
Vicia,hirsuta,NIS,0,VIHI,29,Vine,Ann,Thero,,70,1,2,0,1,High,1,0,0,0,1,0,1,0,1,0,0,0,Rapid,94,Med,Low,40,32320
Vicia,sativa,NIS,0,VISA,29,Vine,Ann,Thero,3.5,80,1,2,0,1,High,1,0,0,0,1,0,1,0,1,0,1,0,Rapid,224,Low,High,13,11751
Vinca,major,NIS,1,VIMA,26,Woody Vine,WP,ChamHemi,54,60,1,2,1,0,Low,1,1,1,0,1,0,0,0,1,0,0,0,Rapid,254,Med,High,13,73995
Viola,praemorsa,N,0,VIPR,30,ELR,PolyHerb,Hemi,35,30,1,1,0,0,Low,1,0,0,0,1,0,1,0,0,1,1,0,Slow,198,Med,Med,,125998
Vulpia,bromoides,NIS,0,VUBR,17,ESH,Ann,Thero,2.7,55,1,2,0,0,Med,1,0,0,1,0,0,1,1,0,1,0,0,Rapid,267,High,Low,13,986067
Vulpia,myuros,NIS,0,VUMY,17,ESH,Ann,Thero,42,90,4,3,0,0,Med,1,0,0,1,0,0,1,1,0,1,0,0,Rapid,242,High,Low,13,700000
Woodsia,scopulina,N,0,WOSC,5,Lithophyte,PolyHerb,Hemi,252,20,,,0,0,Low,1,0,0,0,0,0,1,0,1,0,0,0,Mod,148,High,Med,,45359229
Zigadenus,veneosus,N,0,ZIVE,5,Rose,PolyHerb,Geo,24,70,1,2,0,0,Low,1,1,1,0,1,0,0,1,0,0,0,0,Mod,25,Med,Med,29,130000
